destination_country,entry_reasons,year,permits,source
Belgique,famille,2015,695,eurostat
Bulgarie,famille,2015,0,eurostat
Tchéquie,famille,2015,15,eurostat
Danemark,famille,2015,55,eurostat
Allemagne,famille,2015,748,eurostat
Estonie,famille,2015,2,eurostat
Irlande,famille,2015,8,eurostat
Grèce,famille,2015,4,eurostat
Espagne,famille,2015,181,eurostat
France,famille,2015,2196,eurostat
Croatie,famille,2015,1,eurostat
Italie,famille,2015,330,eurostat
Chypre,famille,2015,10,eurostat
Lettonie,famille,2015,2,eurostat
Lituanie,famille,2015,0,eurostat
Luxembourg,famille,2015,65,eurostat
Hongrie,famille,2015,26,eurostat
Malte,famille,2015,1,eurostat
Pays-Bas,famille,2015,36,eurostat
Autriche,famille,2015,19,eurostat
Pologne,famille,2015,2,eurostat
Portugal,famille,2015,16,eurostat
Roumanie,famille,2015,9,eurostat
Slovénie,famille,2015,1,eurostat
Slovaquie,famille,2015,1,eurostat
Finlande,famille,2015,68,eurostat
Suède,famille,2015,114,eurostat
Islande,famille,2015,0,eurostat
Liechtenstein,famille,2015,0,eurostat
Norvège,famille,2015,29,eurostat
Suisse,famille,2015,144,eurostat
United Kingdom,famille,2015,221,eurostat
Serbie,famille,2015,0,eurostat
Belgique,famille,2016,610,eurostat
Bulgarie,famille,2016,0,eurostat
Tchéquie,famille,2016,9,eurostat
Danemark,famille,2016,61,eurostat
Allemagne,famille,2016,686,eurostat
Estonie,famille,2016,1,eurostat
Irlande,famille,2016,11,eurostat
Grèce,famille,2016,3,eurostat
Espagne,famille,2016,180,eurostat
France,famille,2016,2088,eurostat
Croatie,famille,2016,1,eurostat
Italie,famille,2016,446,eurostat
Chypre,famille,2016,8,eurostat
Lettonie,famille,2016,1,eurostat
Lituanie,famille,2016,0,eurostat
Luxembourg,famille,2016,52,eurostat
Hongrie,famille,2016,33,eurostat
Malte,famille,2016,1,eurostat
Pays-Bas,famille,2016,35,eurostat
Autriche,famille,2016,22,eurostat
Pologne,famille,2016,2,eurostat
Portugal,famille,2016,11,eurostat
Roumanie,famille,2016,2,eurostat
Slovénie,famille,2016,0,eurostat
Slovaquie,famille,2016,0,eurostat
Finlande,famille,2016,69,eurostat
Suède,famille,2016,112,eurostat
Islande,famille,2016,1,eurostat
Liechtenstein,famille,2016,0,eurostat
Norvège,famille,2016,18,eurostat
Suisse,famille,2016,127,eurostat
United Kingdom,famille,2016,218,eurostat
Serbie,famille,2016,0,eurostat
Belgique,famille,2017,600,eurostat
Bulgarie,famille,2017,2,eurostat
Tchéquie,famille,2017,9,eurostat
Danemark,famille,2017,78,eurostat
Allemagne,famille,2017,701,eurostat
Estonie,famille,2017,2,eurostat
Irlande,famille,2017,8,eurostat
Grèce,famille,2017,4,eurostat
Espagne,famille,2017,194,eurostat
France,famille,2017,2434,eurostat
Croatie,famille,2017,1,eurostat
Italie,famille,2017,507,eurostat
Chypre,famille,2017,8,eurostat
Lettonie,famille,2017,0,eurostat
Lituanie,famille,2017,0,eurostat
Luxembourg,famille,2017,65,eurostat
Hongrie,famille,2017,19,eurostat
Malte,famille,2017,2,eurostat
Pays-Bas,famille,2017,48,eurostat
Autriche,famille,2017,19,eurostat
Pologne,famille,2017,14,eurostat
Portugal,famille,2017,4,eurostat
Roumanie,famille,2017,9,eurostat
Slovénie,famille,2017,3,eurostat
Slovaquie,famille,2017,0,eurostat
Finlande,famille,2017,69,eurostat
Suède,famille,2017,112,eurostat
Islande,famille,2017,0,eurostat
Liechtenstein,famille,2017,0,eurostat
Norvège,famille,2017,15,eurostat
Suisse,famille,2017,115,eurostat
United Kingdom,famille,2017,241,eurostat
Serbie,famille,2017,0,eurostat
Belgique,famille,2018,732,eurostat
Bulgarie,famille,2018,1,eurostat
Tchéquie,famille,2018,7,eurostat
Danemark,famille,2018,68,eurostat
Allemagne,famille,2018,832,eurostat
Estonie,famille,2018,1,eurostat
Irlande,famille,2018,6,eurostat
Grèce,famille,2018,2,eurostat
Espagne,famille,2018,209,eurostat
France,famille,2018,2197,eurostat
Croatie,famille,2018,1,eurostat
Italie,famille,2018,434,eurostat
Chypre,famille,2018,8,eurostat
Lettonie,famille,2018,0,eurostat
Lituanie,famille,2018,0,eurostat
Luxembourg,famille,2018,102,eurostat
Hongrie,famille,2018,27,eurostat
Malte,famille,2018,1,eurostat
Pays-Bas,famille,2018,38,eurostat
Autriche,famille,2018,22,eurostat
Pologne,famille,2018,12,eurostat
Portugal,famille,2018,21,eurostat
Roumanie,famille,2018,7,eurostat
Slovénie,famille,2018,2,eurostat
Slovaquie,famille,2018,0,eurostat
Finlande,famille,2018,55,eurostat
Suède,famille,2018,114,eurostat
Islande,famille,2018,0,eurostat
Liechtenstein,famille,2018,0,eurostat
Norvège,famille,2018,20,eurostat
Suisse,famille,2018,122,eurostat
United Kingdom,famille,2018,281,eurostat
Serbie,famille,2018,0,eurostat
Belgique,famille,2019,790,eurostat
Bulgarie,famille,2019,1,eurostat
Tchéquie,famille,2019,7,eurostat
Danemark,famille,2019,53,eurostat
Allemagne,famille,2019,817,eurostat
Estonie,famille,2019,6,eurostat
Irlande,famille,2019,6,eurostat
Grèce,famille,2019,2,eurostat
Espagne,famille,2019,195,eurostat
France,famille,2019,2324,eurostat
Croatie,famille,2019,3,eurostat
Italie,famille,2019,279,eurostat
Chypre,famille,2019,23,eurostat
Lettonie,famille,2019,0,eurostat
Lituanie,famille,2019,2,eurostat
Luxembourg,famille,2019,78,eurostat
Hongrie,famille,2019,2,eurostat
Malte,famille,2019,0,eurostat
Pays-Bas,famille,2019,45,eurostat
Autriche,famille,2019,11,eurostat
Pologne,famille,2019,10,eurostat
Portugal,famille,2019,17,eurostat
Roumanie,famille,2019,12,eurostat
Slovénie,famille,2019,3,eurostat
Slovaquie,famille,2019,1,eurostat
Finlande,famille,2019,63,eurostat
Suède,famille,2019,123,eurostat
Islande,famille,2019,2,eurostat
Liechtenstein,famille,2019,0,eurostat
Norvège,famille,2019,13,eurostat
Suisse,famille,2019,113,eurostat
United Kingdom,famille,2019,0,eurostat
Serbie,famille,2019,0,eurostat
Belgique,famille,2020,765,eurostat
Bulgarie,famille,2020,0,eurostat
Tchéquie,famille,2020,7,eurostat
Danemark,famille,2020,64,eurostat
Allemagne,famille,2020,753,eurostat
Estonie,famille,2020,5,eurostat
Irlande,famille,2020,1,eurostat
Grèce,famille,2020,4,eurostat
Espagne,famille,2020,143,eurostat
France,famille,2020,2229,eurostat
Croatie,famille,2020,4,eurostat
Italie,famille,2020,175,eurostat
Chypre,famille,2020,25,eurostat
Lettonie,famille,2020,1,eurostat
Lituanie,famille,2020,0,eurostat
Luxembourg,famille,2020,66,eurostat
Hongrie,famille,2020,3,eurostat
Malte,famille,2020,0,eurostat
Pays-Bas,famille,2020,45,eurostat
Autriche,famille,2020,12,eurostat
Pologne,famille,2020,6,eurostat
Portugal,famille,2020,13,eurostat
Roumanie,famille,2020,9,eurostat
Slovénie,famille,2020,2,eurostat
Slovaquie,famille,2020,0,eurostat
Finlande,famille,2020,80,eurostat
Suède,famille,2020,95,eurostat
Islande,famille,2020,2,eurostat
Liechtenstein,famille,2020,0,eurostat
Norvège,famille,2020,6,eurostat
Suisse,famille,2020,114,eurostat
United Kingdom,famille,2020,0,eurostat
Serbie,famille,2020,0,eurostat
Belgique,famille,2021,1125,eurostat
Bulgarie,famille,2021,1,eurostat
Tchéquie,famille,2021,3,eurostat
Danemark,famille,2021,45,eurostat
Allemagne,famille,2021,1065,eurostat
Estonie,famille,2021,10,eurostat
Irlande,famille,2021,9,eurostat
Grèce,famille,2021,3,eurostat
Espagne,famille,2021,264,eurostat
France,famille,2021,2639,eurostat
Croatie,famille,2021,2,eurostat
Italie,famille,2021,455,eurostat
Chypre,famille,2021,27,eurostat
Lettonie,famille,2021,0,eurostat
Lituanie,famille,2021,2,eurostat
Luxembourg,famille,2021,80,eurostat
Hongrie,famille,2021,8,eurostat
Malte,famille,2021,0,eurostat
Pays-Bas,famille,2021,46,eurostat
Autriche,famille,2021,13,eurostat
Pologne,famille,2021,9,eurostat
Portugal,famille,2021,9,eurostat
Roumanie,famille,2021,12,eurostat
Slovénie,famille,2021,0,eurostat
Slovaquie,famille,2021,1,eurostat
Finlande,famille,2021,115,eurostat
Suède,famille,2021,82,eurostat
Islande,famille,2021,1,eurostat
Liechtenstein,famille,2021,0,eurostat
Norvège,famille,2021,16,eurostat
Suisse,famille,2021,88,eurostat
United Kingdom,famille,2021,0,eurostat
Serbie,famille,2021,0,eurostat
Belgique,famille,2022,1055,eurostat
Bulgarie,famille,2022,6,eurostat
Tchéquie,famille,2022,7,eurostat
Danemark,famille,2022,64,eurostat
Allemagne,famille,2022,1236,eurostat
Estonie,famille,2022,11,eurostat
Irlande,famille,2022,6,eurostat
Grèce,famille,2022,2,eurostat
Espagne,famille,2022,239,eurostat
France,famille,2022,2557,eurostat
Croatie,famille,2022,0,eurostat
Italie,famille,2022,513,eurostat
Chypre,famille,2022,22,eurostat
Lettonie,famille,2022,0,eurostat
Lituanie,famille,2022,2,eurostat
Luxembourg,famille,2022,88,eurostat
Hongrie,famille,2022,5,eurostat
Malte,famille,2022,0,eurostat
Pays-Bas,famille,2022,61,eurostat
Autriche,famille,2022,21,eurostat
Pologne,famille,2022,17,eurostat
Portugal,famille,2022,23,eurostat
Roumanie,famille,2022,10,eurostat
Slovénie,famille,2022,2,eurostat
Slovaquie,famille,2022,4,eurostat
Finlande,famille,2022,89,eurostat
Suède,famille,2022,98,eurostat
Islande,famille,2022,3,eurostat
Liechtenstein,famille,2022,0,eurostat
Norvège,famille,2022,25,eurostat
Suisse,famille,2022,101,eurostat
United Kingdom,famille,2022,0,eurostat
Serbie,famille,2022,0,eurostat
Belgique,famille,2023,1039,eurostat
Bulgarie,famille,2023,1,eurostat
Tchéquie,famille,2023,11,eurostat
Danemark,famille,2023,66,eurostat
Allemagne,famille,2023,1461,eurostat
Estonie,famille,2023,8,eurostat
Irlande,famille,2023,3,eurostat
Grèce,famille,2023,1,eurostat
Espagne,famille,2023,321,eurostat
France,famille,2023,2397,eurostat
Croatie,famille,2023,0,eurostat
Italie,famille,2023,521,eurostat
Chypre,famille,2023,24,eurostat
Lettonie,famille,2023,1,eurostat
Lituanie,famille,2023,2,eurostat
Luxembourg,famille,2023,136,eurostat
Hongrie,famille,2023,2,eurostat
Malte,famille,2023,4,eurostat
Pays-Bas,famille,2023,57,eurostat
Autriche,famille,2023,27,eurostat
Pologne,famille,2023,19,eurostat
Portugal,famille,2023,12,eurostat
Roumanie,famille,2023,14,eurostat
Slovénie,famille,2023,2,eurostat
Slovaquie,famille,2023,2,eurostat
Finlande,famille,2023,154,eurostat
Suède,famille,2023,96,eurostat
Islande,famille,2023,4,eurostat
Liechtenstein,famille,2023,0,eurostat
Norvège,famille,2023,26,eurostat
Suisse,famille,2023,151,eurostat
United Kingdom,famille,2023,0,eurostat
Serbie,famille,2023,0,eurostat
Belgique,famille,2024,1178,eurostat
Bulgarie,famille,2024,5,eurostat
Tchéquie,famille,2024,13,eurostat
Danemark,famille,2024,77,eurostat
Allemagne,famille,2024,1151,eurostat
Estonie,famille,2024,8,eurostat
Irlande,famille,2024,7,eurostat
Grèce,famille,2024,2,eurostat
Espagne,famille,2024,329,eurostat
France,famille,2024,2394,eurostat
Croatie,famille,2024,3,eurostat
Italie,famille,2024,505,eurostat
Chypre,famille,2024,11,eurostat
Lettonie,famille,2024,2,eurostat
Lituanie,famille,2024,0,eurostat
Luxembourg,famille,2024,154,eurostat
Hongrie,famille,2024,14,eurostat
Malte,famille,2024,6,eurostat
Pays-Bas,famille,2024,38,eurostat
Autriche,famille,2024,14,eurostat
Pologne,famille,2024,11,eurostat
Portugal,famille,2024,7,eurostat
Roumanie,famille,2024,10,eurostat
Slovénie,famille,2024,0,eurostat
Slovaquie,famille,2024,3,eurostat
Finlande,famille,2024,177,eurostat
Suède,famille,2024,110,eurostat
Islande,famille,2024,0,eurostat
Liechtenstein,famille,2024,0,eurostat
Norvège,famille,2024,27,eurostat
Suisse,famille,2024,168,eurostat
United Kingdom,famille,2024,0,eurostat
Serbie,famille,2024,0,eurostat
Belgique,etude,2015,652,eurostat
Bulgarie,etude,2015,4,eurostat
Tchéquie,etude,2015,10,eurostat
Danemark,etude,2015,40,eurostat
Allemagne,etude,2015,526,eurostat
Estonie,etude,2015,13,eurostat
Irlande,etude,2015,13,eurostat
Grèce,etude,2015,1,eurostat
Espagne,etude,2015,37,eurostat
France,etude,2015,1201,eurostat
Croatie,etude,2015,2,eurostat
Italie,etude,2015,278,eurostat
Chypre,etude,2015,9,eurostat
Lettonie,etude,2015,2,eurostat
Lituanie,etude,2015,4,eurostat
Luxembourg,etude,2015,6,eurostat
Hongrie,etude,2015,79,eurostat
Malte,etude,2015,13,eurostat
Pays-Bas,etude,2015,22,eurostat
Autriche,etude,2015,4,eurostat
Pologne,etude,2015,20,eurostat
Portugal,etude,2015,8,eurostat
Roumanie,etude,2015,12,eurostat
Slovénie,etude,2015,0,eurostat
Slovaquie,etude,2015,0,eurostat
Finlande,etude,2015,44,eurostat
Suède,etude,2015,24,eurostat
Islande,etude,2015,0,eurostat
Liechtenstein,etude,2015,0,eurostat
Norvège,etude,2015,24,eurostat
Suisse,etude,2015,37,eurostat
United Kingdom,etude,2015,216,eurostat
Serbie,etude,2015,0,eurostat
Belgique,etude,2016,799,eurostat
Bulgarie,etude,2016,8,eurostat
Tchéquie,etude,2016,7,eurostat
Danemark,etude,2016,28,eurostat
Allemagne,etude,2016,835,eurostat
Estonie,etude,2016,19,eurostat
Irlande,etude,2016,4,eurostat
Grèce,etude,2016,1,eurostat
Espagne,etude,2016,43,eurostat
France,etude,2016,1131,eurostat
Croatie,etude,2016,3,eurostat
Italie,etude,2016,194,eurostat
Chypre,etude,2016,10,eurostat
Lettonie,etude,2016,5,eurostat
Lituanie,etude,2016,5,eurostat
Luxembourg,etude,2016,5,eurostat
Hongrie,etude,2016,116,eurostat
Malte,etude,2016,22,eurostat
Pays-Bas,etude,2016,23,eurostat
Autriche,etude,2016,2,eurostat
Pologne,etude,2016,26,eurostat
Portugal,etude,2016,25,eurostat
Roumanie,etude,2016,19,eurostat
Slovénie,etude,2016,1,eurostat
Slovaquie,etude,2016,1,eurostat
Finlande,etude,2016,34,eurostat
Suède,etude,2016,15,eurostat
Islande,etude,2016,2,eurostat
Liechtenstein,etude,2016,1,eurostat
Norvège,etude,2016,28,eurostat
Suisse,etude,2016,39,eurostat
United Kingdom,etude,2016,171,eurostat
Serbie,etude,2016,0,eurostat
Belgique,etude,2017,788,eurostat
Bulgarie,etude,2017,3,eurostat
Tchéquie,etude,2017,10,eurostat
Danemark,etude,2017,24,eurostat
Allemagne,etude,2017,614,eurostat
Estonie,etude,2017,31,eurostat
Irlande,etude,2017,11,eurostat
Grèce,etude,2017,3,eurostat
Espagne,etude,2017,42,eurostat
France,etude,2017,1379,eurostat
Croatie,etude,2017,1,eurostat
Italie,etude,2017,233,eurostat
Chypre,etude,2017,28,eurostat
Lettonie,etude,2017,1,eurostat
Lituanie,etude,2017,15,eurostat
Luxembourg,etude,2017,6,eurostat
Hongrie,etude,2017,87,eurostat
Malte,etude,2017,8,eurostat
Pays-Bas,etude,2017,29,eurostat
Autriche,etude,2017,0,eurostat
Pologne,etude,2017,28,eurostat
Portugal,etude,2017,3,eurostat
Roumanie,etude,2017,27,eurostat
Slovénie,etude,2017,0,eurostat
Slovaquie,etude,2017,1,eurostat
Finlande,etude,2017,30,eurostat
Suède,etude,2017,37,eurostat
Islande,etude,2017,1,eurostat
Liechtenstein,etude,2017,1,eurostat
Norvège,etude,2017,42,eurostat
Suisse,etude,2017,30,eurostat
United Kingdom,etude,2017,145,eurostat
Serbie,etude,2017,0,eurostat
Belgique,etude,2018,756,eurostat
Bulgarie,etude,2018,0,eurostat
Tchéquie,etude,2018,9,eurostat
Danemark,etude,2018,22,eurostat
Allemagne,etude,2018,1040,eurostat
Estonie,etude,2018,23,eurostat
Irlande,etude,2018,9,eurostat
Grèce,etude,2018,1,eurostat
Espagne,etude,2018,60,eurostat
France,etude,2018,1767,eurostat
Croatie,etude,2018,0,eurostat
Italie,etude,2018,327,eurostat
Chypre,etude,2018,36,eurostat
Lettonie,etude,2018,5,eurostat
Lituanie,etude,2018,23,eurostat
Luxembourg,etude,2018,13,eurostat
Hongrie,etude,2018,35,eurostat
Malte,etude,2018,27,eurostat
Pays-Bas,etude,2018,34,eurostat
Autriche,etude,2018,1,eurostat
Pologne,etude,2018,37,eurostat
Portugal,etude,2018,10,eurostat
Roumanie,etude,2018,60,eurostat
Slovénie,etude,2018,0,eurostat
Slovaquie,etude,2018,2,eurostat
Finlande,etude,2018,16,eurostat
Suède,etude,2018,73,eurostat
Islande,etude,2018,0,eurostat
Liechtenstein,etude,2018,1,eurostat
Norvège,etude,2018,33,eurostat
Suisse,etude,2018,30,eurostat
United Kingdom,etude,2018,124,eurostat
Serbie,etude,2018,0,eurostat
Belgique,etude,2019,775,eurostat
Bulgarie,etude,2019,0,eurostat
Tchéquie,etude,2019,12,eurostat
Danemark,etude,2019,15,eurostat
Allemagne,etude,2019,1692,eurostat
Estonie,etude,2019,43,eurostat
Irlande,etude,2019,12,eurostat
Grèce,etude,2019,8,eurostat
Espagne,etude,2019,90,eurostat
France,etude,2019,2048,eurostat
Croatie,etude,2019,1,eurostat
Italie,etude,2019,197,eurostat
Chypre,etude,2019,31,eurostat
Lettonie,etude,2019,20,eurostat
Lituanie,etude,2019,69,eurostat
Luxembourg,etude,2019,14,eurostat
Hongrie,etude,2019,25,eurostat
Malte,etude,2019,5,eurostat
Pays-Bas,etude,2019,36,eurostat
Autriche,etude,2019,3,eurostat
Pologne,etude,2019,34,eurostat
Portugal,etude,2019,11,eurostat
Roumanie,etude,2019,59,eurostat
Slovénie,etude,2019,0,eurostat
Slovaquie,etude,2019,1,eurostat
Finlande,etude,2019,9,eurostat
Suède,etude,2019,112,eurostat
Islande,etude,2019,1,eurostat
Liechtenstein,etude,2019,0,eurostat
Norvège,etude,2019,37,eurostat
Suisse,etude,2019,24,eurostat
United Kingdom,etude,2019,0,eurostat
Serbie,etude,2019,0,eurostat
Belgique,etude,2020,665,eurostat
Bulgarie,etude,2020,0,eurostat
Tchéquie,etude,2020,14,eurostat
Danemark,etude,2020,16,eurostat
Allemagne,etude,2020,1317,eurostat
Estonie,etude,2020,8,eurostat
Irlande,etude,2020,6,eurostat
Grèce,etude,2020,3,eurostat
Espagne,etude,2020,104,eurostat
France,etude,2020,2062,eurostat
Croatie,etude,2020,0,eurostat
Italie,etude,2020,58,eurostat
Chypre,etude,2020,22,eurostat
Lettonie,etude,2020,55,eurostat
Lituanie,etude,2020,52,eurostat
Luxembourg,etude,2020,7,eurostat
Hongrie,etude,2020,9,eurostat
Malte,etude,2020,3,eurostat
Pays-Bas,etude,2020,41,eurostat
Autriche,etude,2020,2,eurostat
Pologne,etude,2020,47,eurostat
Portugal,etude,2020,10,eurostat
Roumanie,etude,2020,49,eurostat
Slovénie,etude,2020,0,eurostat
Slovaquie,etude,2020,0,eurostat
Finlande,etude,2020,41,eurostat
Suède,etude,2020,110,eurostat
Islande,etude,2020,2,eurostat
Liechtenstein,etude,2020,0,eurostat
Norvège,etude,2020,16,eurostat
Suisse,etude,2020,33,eurostat
United Kingdom,etude,2020,0,eurostat
Serbie,etude,2020,0,eurostat
Belgique,etude,2021,1441,eurostat
Bulgarie,etude,2021,1,eurostat
Tchéquie,etude,2021,23,eurostat
Danemark,etude,2021,24,eurostat
Allemagne,etude,2021,1292,eurostat
Estonie,etude,2021,14,eurostat
Irlande,etude,2021,11,eurostat
Grèce,etude,2021,1,eurostat
Espagne,etude,2021,103,eurostat
France,etude,2021,2978,eurostat
Croatie,etude,2021,0,eurostat
Italie,etude,2021,134,eurostat
Chypre,etude,2021,29,eurostat
Lettonie,etude,2021,142,eurostat
Lituanie,etude,2021,70,eurostat
Luxembourg,etude,2021,35,eurostat
Hongrie,etude,2021,15,eurostat
Malte,etude,2021,0,eurostat
Pays-Bas,etude,2021,41,eurostat
Autriche,etude,2021,4,eurostat
Pologne,etude,2021,57,eurostat
Portugal,etude,2021,15,eurostat
Roumanie,etude,2021,44,eurostat
Slovénie,etude,2021,0,eurostat
Slovaquie,etude,2021,0,eurostat
Finlande,etude,2021,49,eurostat
Suède,etude,2021,61,eurostat
Islande,etude,2021,0,eurostat
Liechtenstein,etude,2021,0,eurostat
Norvège,etude,2021,15,eurostat
Suisse,etude,2021,32,eurostat
United Kingdom,etude,2021,0,eurostat
Serbie,etude,2021,0,eurostat
Belgique,etude,2022,921,eurostat
Bulgarie,etude,2022,1,eurostat
Tchéquie,etude,2022,19,eurostat
Danemark,etude,2022,24,eurostat
Allemagne,etude,2022,1348,eurostat
Estonie,etude,2022,7,eurostat
Irlande,etude,2022,19,eurostat
Grèce,etude,2022,0,eurostat
Espagne,etude,2022,102,eurostat
France,etude,2022,3656,eurostat
Croatie,etude,2022,0,eurostat
Italie,etude,2022,220,eurostat
Chypre,etude,2022,13,eurostat
Lettonie,etude,2022,141,eurostat
Lituanie,etude,2022,83,eurostat
Luxembourg,etude,2022,60,eurostat
Hongrie,etude,2022,21,eurostat
Malte,etude,2022,6,eurostat
Pays-Bas,etude,2022,39,eurostat
Autriche,etude,2022,5,eurostat
Pologne,etude,2022,45,eurostat
Portugal,etude,2022,5,eurostat
Roumanie,etude,2022,44,eurostat
Slovénie,etude,2022,1,eurostat
Slovaquie,etude,2022,0,eurostat
Finlande,etude,2022,95,eurostat
Suède,etude,2022,31,eurostat
Islande,etude,2022,1,eurostat
Liechtenstein,etude,2022,0,eurostat
Norvège,etude,2022,10,eurostat
Suisse,etude,2022,49,eurostat
United Kingdom,etude,2022,0,eurostat
Serbie,etude,2022,0,eurostat
Belgique,etude,2023,883,eurostat
Bulgarie,etude,2023,1,eurostat
Tchéquie,etude,2023,17,eurostat
Danemark,etude,2023,29,eurostat
Allemagne,etude,2023,1670,eurostat
Estonie,etude,2023,4,eurostat
Irlande,etude,2023,15,eurostat
Grèce,etude,2023,1,eurostat
Espagne,etude,2023,118,eurostat
France,etude,2023,4490,eurostat
Croatie,etude,2023,0,eurostat
Italie,etude,2023,420,eurostat
Chypre,etude,2023,2,eurostat
Lettonie,etude,2023,71,eurostat
Lituanie,etude,2023,158,eurostat
Luxembourg,etude,2023,62,eurostat
Hongrie,etude,2023,25,eurostat
Malte,etude,2023,68,eurostat
Pays-Bas,etude,2023,40,eurostat
Autriche,etude,2023,12,eurostat
Pologne,etude,2023,29,eurostat
Portugal,etude,2023,13,eurostat
Roumanie,etude,2023,24,eurostat
Slovénie,etude,2023,1,eurostat
Slovaquie,etude,2023,0,eurostat
Finlande,etude,2023,166,eurostat
Suède,etude,2023,22,eurostat
Islande,etude,2023,3,eurostat
Liechtenstein,etude,2023,0,eurostat
Norvège,etude,2023,8,eurostat
Suisse,etude,2023,48,eurostat
United Kingdom,etude,2023,0,eurostat
Serbie,etude,2023,0,eurostat
Belgique,etude,2024,914,eurostat
Bulgarie,etude,2024,1,eurostat
Tchéquie,etude,2024,8,eurostat
Danemark,etude,2024,47,eurostat
Allemagne,etude,2024,1788,eurostat
Estonie,etude,2024,2,eurostat
Irlande,etude,2024,10,eurostat
Grèce,etude,2024,0,eurostat
Espagne,etude,2024,103,eurostat
France,etude,2024,5190,eurostat
Croatie,etude,2024,1,eurostat
Italie,etude,2024,402,eurostat
Chypre,etude,2024,3,eurostat
Lettonie,etude,2024,21,eurostat
Lituanie,etude,2024,203,eurostat
Luxembourg,etude,2024,83,eurostat
Hongrie,etude,2024,46,eurostat
Malte,etude,2024,69,eurostat
Pays-Bas,etude,2024,35,eurostat
Autriche,etude,2024,7,eurostat
Pologne,etude,2024,15,eurostat
Portugal,etude,2024,12,eurostat
Roumanie,etude,2024,19,eurostat
Slovénie,etude,2024,4,eurostat
Slovaquie,etude,2024,1,eurostat
Finlande,etude,2024,70,eurostat
Suède,etude,2024,30,eurostat
Islande,etude,2024,4,eurostat
Liechtenstein,etude,2024,2,eurostat
Norvège,etude,2024,4,eurostat
Suisse,etude,2024,75,eurostat
United Kingdom,etude,2024,0,eurostat
Serbie,etude,2024,1,eurostat
Belgique,travail,2015,48,eurostat
Bulgarie,travail,2015,0,eurostat
Tchéquie,travail,2015,3,eurostat
Danemark,travail,2015,39,eurostat
Allemagne,travail,2015,69,eurostat
Estonie,travail,2015,0,eurostat
Irlande,travail,2015,1,eurostat
Grèce,travail,2015,1,eurostat
Espagne,travail,2015,71,eurostat
France,travail,2015,189,eurostat
Croatie,travail,2015,4,eurostat
Italie,travail,2015,19,eurostat
Chypre,travail,2015,1,eurostat
Lettonie,travail,2015,0,eurostat
Lituanie,travail,2015,0,eurostat
Luxembourg,travail,2015,5,eurostat
Hongrie,travail,2015,10,eurostat
Malte,travail,2015,2,eurostat
Pays-Bas,travail,2015,6,eurostat
Autriche,travail,2015,4,eurostat
Pologne,travail,2015,15,eurostat
Portugal,travail,2015,7,eurostat
Roumanie,travail,2015,7,eurostat
Slovénie,travail,2015,0,eurostat
Slovaquie,travail,2015,2,eurostat
Finlande,travail,2015,11,eurostat
Suède,travail,2015,11,eurostat
Islande,travail,2015,1,eurostat
Liechtenstein,travail,2015,0,eurostat
Norvège,travail,2015,5,eurostat
Suisse,travail,2015,16,eurostat
United Kingdom,travail,2015,26,eurostat
Serbie,travail,2015,0,eurostat
Belgique,travail,2016,52,eurostat
Bulgarie,travail,2016,0,eurostat
Tchéquie,travail,2016,3,eurostat
Danemark,travail,2016,40,eurostat
Allemagne,travail,2016,99,eurostat
Estonie,travail,2016,2,eurostat
Irlande,travail,2016,3,eurostat
Grèce,travail,2016,5,eurostat
Espagne,travail,2016,71,eurostat
France,travail,2016,232,eurostat
Croatie,travail,2016,3,eurostat
Italie,travail,2016,15,eurostat
Chypre,travail,2016,4,eurostat
Lettonie,travail,2016,0,eurostat
Lituanie,travail,2016,0,eurostat
Luxembourg,travail,2016,11,eurostat
Hongrie,travail,2016,4,eurostat
Malte,travail,2016,2,eurostat
Pays-Bas,travail,2016,6,eurostat
Autriche,travail,2016,2,eurostat
Pologne,travail,2016,7,eurostat
Portugal,travail,2016,4,eurostat
Roumanie,travail,2016,1,eurostat
Slovénie,travail,2016,1,eurostat
Slovaquie,travail,2016,0,eurostat
Finlande,travail,2016,7,eurostat
Suède,travail,2016,12,eurostat
Islande,travail,2016,0,eurostat
Liechtenstein,travail,2016,0,eurostat
Norvège,travail,2016,1,eurostat
Suisse,travail,2016,15,eurostat
United Kingdom,travail,2016,40,eurostat
Serbie,travail,2016,0,eurostat
Belgique,travail,2017,38,eurostat
Bulgarie,travail,2017,0,eurostat
Tchéquie,travail,2017,0,eurostat
Danemark,travail,2017,18,eurostat
Allemagne,travail,2017,108,eurostat
Estonie,travail,2017,0,eurostat
Irlande,travail,2017,6,eurostat
Grèce,travail,2017,1,eurostat
Espagne,travail,2017,92,eurostat
France,travail,2017,239,eurostat
Croatie,travail,2017,1,eurostat
Italie,travail,2017,9,eurostat
Chypre,travail,2017,3,eurostat
Lettonie,travail,2017,0,eurostat
Lituanie,travail,2017,0,eurostat
Luxembourg,travail,2017,15,eurostat
Hongrie,travail,2017,6,eurostat
Malte,travail,2017,4,eurostat
Pays-Bas,travail,2017,7,eurostat
Autriche,travail,2017,6,eurostat
Pologne,travail,2017,5,eurostat
Portugal,travail,2017,6,eurostat
Roumanie,travail,2017,2,eurostat
Slovénie,travail,2017,0,eurostat
Slovaquie,travail,2017,5,eurostat
Finlande,travail,2017,16,eurostat
Suède,travail,2017,14,eurostat
Islande,travail,2017,0,eurostat
Liechtenstein,travail,2017,0,eurostat
Norvège,travail,2017,4,eurostat
Suisse,travail,2017,15,eurostat
United Kingdom,travail,2017,29,eurostat
Serbie,travail,2017,0,eurostat
Belgique,travail,2018,55,eurostat
Bulgarie,travail,2018,0,eurostat
Tchéquie,travail,2018,5,eurostat
Danemark,travail,2018,17,eurostat
Allemagne,travail,2018,91,eurostat
Estonie,travail,2018,1,eurostat
Irlande,travail,2018,10,eurostat
Grèce,travail,2018,1,eurostat
Espagne,travail,2018,106,eurostat
France,travail,2018,336,eurostat
Croatie,travail,2018,0,eurostat
Italie,travail,2018,7,eurostat
Chypre,travail,2018,5,eurostat
Lettonie,travail,2018,0,eurostat
Lituanie,travail,2018,1,eurostat
Luxembourg,travail,2018,13,eurostat
Hongrie,travail,2018,4,eurostat
Malte,travail,2018,4,eurostat
Pays-Bas,travail,2018,16,eurostat
Autriche,travail,2018,5,eurostat
Pologne,travail,2018,28,eurostat
Portugal,travail,2018,9,eurostat
Roumanie,travail,2018,6,eurostat
Slovénie,travail,2018,0,eurostat
Slovaquie,travail,2018,0,eurostat
Finlande,travail,2018,11,eurostat
Suède,travail,2018,16,eurostat
Islande,travail,2018,0,eurostat
Liechtenstein,travail,2018,0,eurostat
Norvège,travail,2018,5,eurostat
Suisse,travail,2018,11,eurostat
United Kingdom,travail,2018,29,eurostat
Serbie,travail,2018,0,eurostat
Belgique,travail,2019,44,eurostat
Bulgarie,travail,2019,0,eurostat
Tchéquie,travail,2019,6,eurostat
Danemark,travail,2019,5,eurostat
Allemagne,travail,2019,154,eurostat
Estonie,travail,2019,1,eurostat
Irlande,travail,2019,7,eurostat
Grèce,travail,2019,2,eurostat
Espagne,travail,2019,136,eurostat
France,travail,2019,389,eurostat
Croatie,travail,2019,6,eurostat
Italie,travail,2019,7,eurostat
Chypre,travail,2019,4,eurostat
Lettonie,travail,2019,0,eurostat
Lituanie,travail,2019,1,eurostat
Luxembourg,travail,2019,20,eurostat
Hongrie,travail,2019,11,eurostat
Malte,travail,2019,4,eurostat
Pays-Bas,travail,2019,13,eurostat
Autriche,travail,2019,6,eurostat
Pologne,travail,2019,36,eurostat
Portugal,travail,2019,9,eurostat
Roumanie,travail,2019,14,eurostat
Slovénie,travail,2019,0,eurostat
Slovaquie,travail,2019,0,eurostat
Finlande,travail,2019,14,eurostat
Suède,travail,2019,18,eurostat
Islande,travail,2019,0,eurostat
Liechtenstein,travail,2019,0,eurostat
Norvège,travail,2019,3,eurostat
Suisse,travail,2019,0,eurostat
United Kingdom,travail,2019,0,eurostat
Serbie,travail,2019,0,eurostat
Belgique,travail,2020,32,eurostat
Bulgarie,travail,2020,1,eurostat
Tchéquie,travail,2020,2,eurostat
Danemark,travail,2020,17,eurostat
Allemagne,travail,2020,119,eurostat
Estonie,travail,2020,1,eurostat
Irlande,travail,2020,1,eurostat
Grèce,travail,2020,3,eurostat
Espagne,travail,2020,143,eurostat
France,travail,2020,346,eurostat
Croatie,travail,2020,7,eurostat
Italie,travail,2020,13,eurostat
Chypre,travail,2020,4,eurostat
Lettonie,travail,2020,0,eurostat
Lituanie,travail,2020,5,eurostat
Luxembourg,travail,2020,22,eurostat
Hongrie,travail,2020,7,eurostat
Malte,travail,2020,1,eurostat
Pays-Bas,travail,2020,13,eurostat
Autriche,travail,2020,4,eurostat
Pologne,travail,2020,18,eurostat
Portugal,travail,2020,13,eurostat
Roumanie,travail,2020,3,eurostat
Slovénie,travail,2020,1,eurostat
Slovaquie,travail,2020,1,eurostat
Finlande,travail,2020,31,eurostat
Suède,travail,2020,28,eurostat
Islande,travail,2020,1,eurostat
Liechtenstein,travail,2020,0,eurostat
Norvège,travail,2020,6,eurostat
Suisse,travail,2020,9,eurostat
United Kingdom,travail,2020,0,eurostat
Serbie,travail,2020,0,eurostat
Belgique,travail,2021,49,eurostat
Bulgarie,travail,2021,2,eurostat
Tchéquie,travail,2021,2,eurostat
Danemark,travail,2021,12,eurostat
Allemagne,travail,2021,236,eurostat
Estonie,travail,2021,4,eurostat
Irlande,travail,2021,4,eurostat
Grèce,travail,2021,8,eurostat
Espagne,travail,2021,217,eurostat
France,travail,2021,443,eurostat
Croatie,travail,2021,7,eurostat
Italie,travail,2021,42,eurostat
Chypre,travail,2021,4,eurostat
Lettonie,travail,2021,1,eurostat
Lituanie,travail,2021,2,eurostat
Luxembourg,travail,2021,22,eurostat
Hongrie,travail,2021,3,eurostat
Malte,travail,2021,1,eurostat
Pays-Bas,travail,2021,13,eurostat
Autriche,travail,2021,5,eurostat
Pologne,travail,2021,37,eurostat
Portugal,travail,2021,31,eurostat
Roumanie,travail,2021,27,eurostat
Slovénie,travail,2021,0,eurostat
Slovaquie,travail,2021,0,eurostat
Finlande,travail,2021,35,eurostat
Suède,travail,2021,38,eurostat
Islande,travail,2021,0,eurostat
Liechtenstein,travail,2021,0,eurostat
Norvège,travail,2021,4,eurostat
Suisse,travail,2021,15,eurostat
United Kingdom,travail,2021,0,eurostat
Serbie,travail,2021,0,eurostat
Belgique,travail,2022,41,eurostat
Bulgarie,travail,2022,2,eurostat
Tchéquie,travail,2022,6,eurostat
Danemark,travail,2022,23,eurostat
Allemagne,travail,2022,310,eurostat
Estonie,travail,2022,2,eurostat
Irlande,travail,2022,18,eurostat
Grèce,travail,2022,5,eurostat
Espagne,travail,2022,256,eurostat
France,travail,2022,547,eurostat
Croatie,travail,2022,7,eurostat
Italie,travail,2022,58,eurostat
Chypre,travail,2022,11,eurostat
Lettonie,travail,2022,3,eurostat
Lituanie,travail,2022,3,eurostat
Luxembourg,travail,2022,30,eurostat
Hongrie,travail,2022,7,eurostat
Malte,travail,2022,6,eurostat
Pays-Bas,travail,2022,27,eurostat
Autriche,travail,2022,5,eurostat
Pologne,travail,2022,51,eurostat
Portugal,travail,2022,20,eurostat
Roumanie,travail,2022,61,eurostat
Slovénie,travail,2022,0,eurostat
Slovaquie,travail,2022,6,eurostat
Finlande,travail,2022,55,eurostat
Suède,travail,2022,54,eurostat
Islande,travail,2022,0,eurostat
Liechtenstein,travail,2022,0,eurostat
Norvège,travail,2022,3,eurostat
Suisse,travail,2022,27,eurostat
United Kingdom,travail,2022,0,eurostat
Serbie,travail,2022,0,eurostat
Belgique,travail,2023,38,eurostat
Bulgarie,travail,2023,15,eurostat
Tchéquie,travail,2023,8,eurostat
Danemark,travail,2023,14,eurostat
Allemagne,travail,2023,328,eurostat
Estonie,travail,2023,0,eurostat
Irlande,travail,2023,20,eurostat
Grèce,travail,2023,5,eurostat
Espagne,travail,2023,202,eurostat
France,travail,2023,688,eurostat
Croatie,travail,2023,33,eurostat
Italie,travail,2023,21,eurostat
Chypre,travail,2023,7,eurostat
Lettonie,travail,2023,0,eurostat
Lituanie,travail,2023,13,eurostat
Luxembourg,travail,2023,34,eurostat
Hongrie,travail,2023,6,eurostat
Malte,travail,2023,7,eurostat
Pays-Bas,travail,2023,21,eurostat
Autriche,travail,2023,7,eurostat
Pologne,travail,2023,51,eurostat
Portugal,travail,2023,17,eurostat
Roumanie,travail,2023,127,eurostat
Slovénie,travail,2023,0,eurostat
Slovaquie,travail,2023,2,eurostat
Finlande,travail,2023,58,eurostat
Suède,travail,2023,29,eurostat
Islande,travail,2023,2,eurostat
Liechtenstein,travail,2023,0,eurostat
Norvège,travail,2023,4,eurostat
Suisse,travail,2023,28,eurostat
United Kingdom,travail,2023,0,eurostat
Serbie,travail,2023,0,eurostat
Belgique,travail,2024,41,eurostat
Bulgarie,travail,2024,8,eurostat
Tchéquie,travail,2024,5,eurostat
Danemark,travail,2024,16,eurostat
Allemagne,travail,2024,301,eurostat
Estonie,travail,2024,1,eurostat
Irlande,travail,2024,11,eurostat
Grèce,travail,2024,39,eurostat
Espagne,travail,2024,138,eurostat
France,travail,2024,608,eurostat
Croatie,travail,2024,15,eurostat
Italie,travail,2024,21,eurostat
Chypre,travail,2024,15,eurostat
Lettonie,travail,2024,2,eurostat
Lituanie,travail,2024,15,eurostat
Luxembourg,travail,2024,43,eurostat
Hongrie,travail,2024,13,eurostat
Malte,travail,2024,4,eurostat
Pays-Bas,travail,2024,18,eurostat
Autriche,travail,2024,8,eurostat
Pologne,travail,2024,39,eurostat
Portugal,travail,2024,49,eurostat
Roumanie,travail,2024,66,eurostat
Slovénie,travail,2024,0,eurostat
Slovaquie,travail,2024,0,eurostat
Finlande,travail,2024,43,eurostat
Suède,travail,2024,21,eurostat
Islande,travail,2024,0,eurostat
Liechtenstein,travail,2024,0,eurostat
Norvège,travail,2024,4,eurostat
Suisse,travail,2024,19,eurostat
United Kingdom,travail,2024,0,eurostat
Serbie,travail,2024,7,eurostat
Belgique,autre,2015,179,eurostat
Bulgarie,autre,2015,0,eurostat
Tchéquie,autre,2015,1,eurostat
Danemark,autre,2015,3,eurostat
Allemagne,autre,2015,71,eurostat
Estonie,autre,2015,0,eurostat
Irlande,autre,2015,66,eurostat
Grèce,autre,2015,1,eurostat
Espagne,autre,2015,27,eurostat
France,autre,2015,779,eurostat
Croatie,autre,2015,1,eurostat
Italie,autre,2015,90,eurostat
Chypre,autre,2015,6,eurostat
Lettonie,autre,2015,0,eurostat
Lituanie,autre,2015,0,eurostat
Luxembourg,autre,2015,6,eurostat
Hongrie,autre,2015,4,eurostat
Malte,autre,2015,2,eurostat
Pays-Bas,autre,2015,21,eurostat
Autriche,autre,2015,59,eurostat
Pologne,autre,2015,3,eurostat
Portugal,autre,2015,5,eurostat
Roumanie,autre,2015,4,eurostat
Slovénie,autre,2015,1,eurostat
Slovaquie,autre,2015,0,eurostat
Finlande,autre,2015,15,eurostat
Suède,autre,2015,32,eurostat
Islande,autre,2015,2,eurostat
Liechtenstein,autre,2015,0,eurostat
Norvège,autre,2015,2,eurostat
Suisse,autre,2015,30,eurostat
United Kingdom,autre,2015,264,eurostat
Serbie,autre,2015,0,eurostat
Belgique,autre,2016,180,eurostat
Bulgarie,autre,2016,0,eurostat
Tchéquie,autre,2016,3,eurostat
Danemark,autre,2016,0,eurostat
Allemagne,autre,2016,131,eurostat
Estonie,autre,2016,0,eurostat
Irlande,autre,2016,44,eurostat
Grèce,autre,2016,9,eurostat
Espagne,autre,2016,40,eurostat
France,autre,2016,877,eurostat
Croatie,autre,2016,0,eurostat
Italie,autre,2016,1164,eurostat
Chypre,autre,2016,12,eurostat
Lettonie,autre,2016,0,eurostat
Lituanie,autre,2016,0,eurostat
Luxembourg,autre,2016,10,eurostat
Hongrie,autre,2016,7,eurostat
Malte,autre,2016,0,eurostat
Pays-Bas,autre,2016,27,eurostat
Autriche,autre,2016,62,eurostat
Pologne,autre,2016,13,eurostat
Portugal,autre,2016,13,eurostat
Roumanie,autre,2016,3,eurostat
Slovénie,autre,2016,0,eurostat
Slovaquie,autre,2016,1,eurostat
Finlande,autre,2016,31,eurostat
Suède,autre,2016,31,eurostat
Islande,autre,2016,0,eurostat
Liechtenstein,autre,2016,0,eurostat
Norvège,autre,2016,2,eurostat
Suisse,autre,2016,27,eurostat
United Kingdom,autre,2016,217,eurostat
Serbie,autre,2016,0,eurostat
Belgique,autre,2017,201,eurostat
Bulgarie,autre,2017,0,eurostat
Tchéquie,autre,2017,9,eurostat
Danemark,autre,2017,2,eurostat
Allemagne,autre,2017,201,eurostat
Estonie,autre,2017,0,eurostat
Irlande,autre,2017,34,eurostat
Grèce,autre,2017,5,eurostat
Espagne,autre,2017,26,eurostat
France,autre,2017,773,eurostat
Croatie,autre,2017,0,eurostat
Italie,autre,2017,1625,eurostat
Chypre,autre,2017,7,eurostat
Lettonie,autre,2017,0,eurostat
Lituanie,autre,2017,0,eurostat
Luxembourg,autre,2017,13,eurostat
Hongrie,autre,2017,17,eurostat
Malte,autre,2017,0,eurostat
Pays-Bas,autre,2017,31,eurostat
Autriche,autre,2017,35,eurostat
Pologne,autre,2017,11,eurostat
Portugal,autre,2017,8,eurostat
Roumanie,autre,2017,15,eurostat
Slovénie,autre,2017,2,eurostat
Slovaquie,autre,2017,0,eurostat
Finlande,autre,2017,6,eurostat
Suède,autre,2017,25,eurostat
Islande,autre,2017,0,eurostat
Liechtenstein,autre,2017,0,eurostat
Norvège,autre,2017,2,eurostat
Suisse,autre,2017,15,eurostat
United Kingdom,autre,2017,273,eurostat
Serbie,autre,2017,0,eurostat
Belgique,autre,2018,164,eurostat
Bulgarie,autre,2018,0,eurostat
Tchéquie,autre,2018,2,eurostat
Danemark,autre,2018,1,eurostat
Allemagne,autre,2018,241,eurostat
Estonie,autre,2018,0,eurostat
Irlande,autre,2018,27,eurostat
Grèce,autre,2018,1,eurostat
Espagne,autre,2018,50,eurostat
France,autre,2018,867,eurostat
Croatie,autre,2018,0,eurostat
Italie,autre,2018,797,eurostat
Chypre,autre,2018,19,eurostat
Lettonie,autre,2018,0,eurostat
Lituanie,autre,2018,0,eurostat
Luxembourg,autre,2018,10,eurostat
Hongrie,autre,2018,7,eurostat
Malte,autre,2018,1,eurostat
Pays-Bas,autre,2018,17,eurostat
Autriche,autre,2018,36,eurostat
Pologne,autre,2018,16,eurostat
Portugal,autre,2018,7,eurostat
Roumanie,autre,2018,4,eurostat
Slovénie,autre,2018,0,eurostat
Slovaquie,autre,2018,0,eurostat
Finlande,autre,2018,18,eurostat
Suède,autre,2018,46,eurostat
Islande,autre,2018,0,eurostat
Liechtenstein,autre,2018,0,eurostat
Norvège,autre,2018,3,eurostat
Suisse,autre,2018,24,eurostat
United Kingdom,autre,2018,202,eurostat
Serbie,autre,2018,0,eurostat
Belgique,autre,2019,170,eurostat
Bulgarie,autre,2019,0,eurostat
Tchéquie,autre,2019,5,eurostat
Danemark,autre,2019,4,eurostat
Allemagne,autre,2019,320,eurostat
Estonie,autre,2019,0,eurostat
Irlande,autre,2019,20,eurostat
Grèce,autre,2019,2,eurostat
Espagne,autre,2019,62,eurostat
France,autre,2019,934,eurostat
Croatie,autre,2019,1,eurostat
Italie,autre,2019,803,eurostat
Chypre,autre,2019,21,eurostat
Lettonie,autre,2019,0,eurostat
Lituanie,autre,2019,0,eurostat
Luxembourg,autre,2019,22,eurostat
Hongrie,autre,2019,11,eurostat
Malte,autre,2019,0,eurostat
Pays-Bas,autre,2019,22,eurostat
Autriche,autre,2019,30,eurostat
Pologne,autre,2019,8,eurostat
Portugal,autre,2019,8,eurostat
Roumanie,autre,2019,1,eurostat
Slovénie,autre,2019,1,eurostat
Slovaquie,autre,2019,1,eurostat
Finlande,autre,2019,31,eurostat
Suède,autre,2019,72,eurostat
Islande,autre,2019,3,eurostat
Liechtenstein,autre,2019,0,eurostat
Norvège,autre,2019,2,eurostat
Suisse,autre,2019,11,eurostat
United Kingdom,autre,2019,0,eurostat
Serbie,autre,2019,0,eurostat
Belgique,autre,2020,169,eurostat
Bulgarie,autre,2020,0,eurostat
Tchéquie,autre,2020,1,eurostat
Danemark,autre,2020,2,eurostat
Allemagne,autre,2020,364,eurostat
Estonie,autre,2020,1,eurostat
Irlande,autre,2020,33,eurostat
Grèce,autre,2020,2,eurostat
Espagne,autre,2020,65,eurostat
France,autre,2020,809,eurostat
Croatie,autre,2020,1,eurostat
Italie,autre,2020,405,eurostat
Chypre,autre,2020,13,eurostat
Lettonie,autre,2020,0,eurostat
Lituanie,autre,2020,1,eurostat
Luxembourg,autre,2020,18,eurostat
Hongrie,autre,2020,12,eurostat
Malte,autre,2020,0,eurostat
Pays-Bas,autre,2020,12,eurostat
Autriche,autre,2020,22,eurostat
Pologne,autre,2020,10,eurostat
Portugal,autre,2020,11,eurostat
Roumanie,autre,2020,2,eurostat
Slovénie,autre,2020,0,eurostat
Slovaquie,autre,2020,0,eurostat
Finlande,autre,2020,21,eurostat
Suède,autre,2020,41,eurostat
Islande,autre,2020,3,eurostat
Liechtenstein,autre,2020,0,eurostat
Norvège,autre,2020,4,eurostat
Suisse,autre,2020,0,eurostat
United Kingdom,autre,2020,0,eurostat
Serbie,autre,2020,0,eurostat
Belgique,autre,2021,231,eurostat
Bulgarie,autre,2021,0,eurostat
Tchéquie,autre,2021,1,eurostat
Danemark,autre,2021,9,eurostat
Allemagne,autre,2021,459,eurostat
Estonie,autre,2021,2,eurostat
Irlande,autre,2021,26,eurostat
Grèce,autre,2021,301,eurostat
Espagne,autre,2021,88,eurostat
France,autre,2021,941,eurostat
Croatie,autre,2021,0,eurostat
Italie,autre,2021,604,eurostat
Chypre,autre,2021,27,eurostat
Lettonie,autre,2021,0,eurostat
Lituanie,autre,2021,0,eurostat
Luxembourg,autre,2021,2,eurostat
Hongrie,autre,2021,1,eurostat
Malte,autre,2021,0,eurostat
Pays-Bas,autre,2021,39,eurostat
Autriche,autre,2021,23,eurostat
Pologne,autre,2021,11,eurostat
Portugal,autre,2021,8,eurostat
Roumanie,autre,2021,6,eurostat
Slovénie,autre,2021,1,eurostat
Slovaquie,autre,2021,0,eurostat
Finlande,autre,2021,17,eurostat
Suède,autre,2021,42,eurostat
Islande,autre,2021,0,eurostat
Liechtenstein,autre,2021,0,eurostat
Norvège,autre,2021,2,eurostat
Suisse,autre,2021,40,eurostat
United Kingdom,autre,2021,0,eurostat
Serbie,autre,2021,0,eurostat
Belgique,autre,2022,262,eurostat
Bulgarie,autre,2022,0,eurostat
Tchéquie,autre,2022,5,eurostat
Danemark,autre,2022,3,eurostat
Allemagne,autre,2022,481,eurostat
Estonie,autre,2022,2,eurostat
Irlande,autre,2022,40,eurostat
Grèce,autre,2022,338,eurostat
Espagne,autre,2022,74,eurostat
France,autre,2022,762,eurostat
Croatie,autre,2022,0,eurostat
Italie,autre,2022,784,eurostat
Chypre,autre,2022,76,eurostat
Lettonie,autre,2022,1,eurostat
Lituanie,autre,2022,32,eurostat
Luxembourg,autre,2022,2,eurostat
Hongrie,autre,2022,5,eurostat
Malte,autre,2022,2,eurostat
Pays-Bas,autre,2022,26,eurostat
Autriche,autre,2022,33,eurostat
Pologne,autre,2022,13,eurostat
Portugal,autre,2022,7,eurostat
Roumanie,autre,2022,2,eurostat
Slovénie,autre,2022,4,eurostat
Slovaquie,autre,2022,1,eurostat
Finlande,autre,2022,33,eurostat
Suède,autre,2022,30,eurostat
Islande,autre,2022,0,eurostat
Liechtenstein,autre,2022,0,eurostat
Norvège,autre,2022,0,eurostat
Suisse,autre,2022,42,eurostat
United Kingdom,autre,2022,0,eurostat
Serbie,autre,2022,0,eurostat
Belgique,autre,2023,360,eurostat
Bulgarie,autre,2023,0,eurostat
Tchéquie,autre,2023,1,eurostat
Danemark,autre,2023,9,eurostat
Allemagne,autre,2023,549,eurostat
Estonie,autre,2023,0,eurostat
Irlande,autre,2023,31,eurostat
Grèce,autre,2023,354,eurostat
Espagne,autre,2023,111,eurostat
France,autre,2023,960,eurostat
Croatie,autre,2023,0,eurostat
Italie,autre,2023,2561,eurostat
Chypre,autre,2023,63,eurostat
Lettonie,autre,2023,0,eurostat
Lituanie,autre,2023,0,eurostat
Luxembourg,autre,2023,3,eurostat
Hongrie,autre,2023,5,eurostat
Malte,autre,2023,9,eurostat
Pays-Bas,autre,2023,24,eurostat
Autriche,autre,2023,51,eurostat
Pologne,autre,2023,18,eurostat
Portugal,autre,2023,14,eurostat
Roumanie,autre,2023,9,eurostat
Slovénie,autre,2023,2,eurostat
Slovaquie,autre,2023,0,eurostat
Finlande,autre,2023,28,eurostat
Suède,autre,2023,29,eurostat
Islande,autre,2023,1,eurostat
Liechtenstein,autre,2023,0,eurostat
Norvège,autre,2023,4,eurostat
Suisse,autre,2023,27,eurostat
United Kingdom,autre,2023,0,eurostat
Serbie,autre,2023,0,eurostat
Belgique,autre,2024,458,eurostat
Bulgarie,autre,2024,1,eurostat
Tchéquie,autre,2024,5,eurostat
Danemark,autre,2024,3,eurostat
Allemagne,autre,2024,436,eurostat
Estonie,autre,2024,0,eurostat
Irlande,autre,2024,34,eurostat
Grèce,autre,2024,224,eurostat
Espagne,autre,2024,51,eurostat
France,autre,2024,1021,eurostat
Croatie,autre,2024,1,eurostat
Italie,autre,2024,1526,eurostat
Chypre,autre,2024,250,eurostat
Lettonie,autre,2024,1,eurostat
Lituanie,autre,2024,7,eurostat
Luxembourg,autre,2024,16,eurostat
Hongrie,autre,2024,5,eurostat
Malte,autre,2024,2,eurostat
Pays-Bas,autre,2024,25,eurostat
Autriche,autre,2024,34,eurostat
Pologne,autre,2024,17,eurostat
Portugal,autre,2024,13,eurostat
Roumanie,autre,2024,13,eurostat
Slovénie,autre,2024,2,eurostat
Slovaquie,autre,2024,0,eurostat
Finlande,autre,2024,9,eurostat
Suède,autre,2024,33,eurostat
Islande,autre,2024,3,eurostat
Liechtenstein,autre,2024,0,eurostat
Norvège,autre,2024,5,eurostat
Suisse,autre,2024,23,eurostat
United Kingdom,autre,2024,0,eurostat
Serbie,autre,2024,0,eurostat
